id,text,timestamp,user_id,username,first_name,last_name
1,"Hi,",2025-02-10T06:30:00Z,1234567890,Andy,Andy,
2,"Does anyone know if Bybit mobile app has a uri scheme for deep linking?",2025-02-10T06:30:00Z,1234567890,Andy,Andy,
3,"$B3 is launching on #Base this Monday, February 10th on @Bybit + other major exchanges.

to usher in a new golden era of gaming, we can't keep doing the same thing and expect different results.

$B3 scales gaming on Base's thriving ecosystem, opens doors to collaboration & brings a new tier of games onchain. $B3 is the engine that powers it all.

here's everything you need to know:",2025-02-10T07:21:00Z,2345678901,BybitBot,Bybit,Bot
4,"Bybit Listing Timeline:

$B3 Deposits: Open today, Feb 10, 2025, 11AM UTC
$B3 Listing: Today 10, 2025, 1PM UTC",2025-02-10T07:21:00Z,2345678901,BybitBot,Bybit,Bot
5,"Bybit does not provide customer support via Telegram. Admins cannot access your account or view your details.

If you encounter any issues, follow these steps:

âœ… Check your email inbox for our email.
âœ… Contact Live Support via web (bottom-right corner) or mobile (top-right corner).
âœ… Submit a support ticket if needed",2025-02-10T07:41:00Z,3456789012,BybitBot,Bybit,Bot
6,"https://i.bybit.com/409abvG â€” ticket webform",2025-02-10T07:41:00Z,4567890123,Conor,Conor,â˜…
7,"Bybit Help Center
Level up your crypto trading experience. Buy, sell, trade BTC, altcoins & NFTs. Get access to the spot and futures market or stake your coins securely.",2025-02-10T07:41:00Z,4567890123,Conor,Conor,â˜…
8,"I do not have that live chat option at all how can I be assisted accordingly to get it...",2025-02-10T07:41:00Z,5678901234,LesterMurison,Lester,Murison
9,"I got an issue
I need help",2025-02-10T07:42:00Z,6789012345,CajaMarjut,Caja,Marjut
10,"Lester Murison
I do not have that live chat option at all how can...",2025-02-10T07:42:00Z,4567890123,Conor,Conor,â˜…
11,"You can include this question in your ticket to Support here: https://i.bybit.com/409abvG",2025-02-10T07:42:00Z,4567890123,Conor,Conor,â˜…
12,"Admins on Telegram CANNOT check your account. Beware of scammers.",2025-02-10T07:42:00Z,4567890123,Conor,Conor,â˜…
13,"Bybit Help Center
Level up your crypto trading experience. Buy, sell, trade BTC, altcoins & NFTs. Get access to the spot and futures market or stake your coins securely.",2025-02-10T07:42:00Z,4567890123,Conor,Conor,â˜…
14,"thanks",2025-02-10T07:43:00Z,5678901234,LesterMurison,Lester,Murison
15,"Lester Murison
thanks",2025-02-10T07:46:00Z,4567890123,Conor,Conor,â˜…
16,"No problem",2025-02-10T07:46:00Z,4567890123,Conor,Conor,â˜…
17,"Please describe the issue",2025-02-10T07:46:00Z,4567890123,Conor,Conor,â˜…
18,"Good morning mates",2025-02-10T07:46:00Z,7890123456,Sarah,Sarah,
19,"Hello everyone",2025-02-10T07:48:00Z,8901234567,JessmaSamira,Jessma,Samira
20,"Morning ğŸ“±",2025-02-10T07:49:00Z,9012345678,RichieArmstrong,Richie,Armstrong
21,"How's Tradings going guys",2025-02-10T07:49:00Z,9012345678,RichieArmstrong,Richie,Armstrong
22,"Anyone doing Usdt Deals here?",2025-02-10T07:50:00Z,9012345678,RichieArmstrong,Richie,Armstrong
23,"Richie ArmstrongğŸ”¥
Anyone doing Usdt Deals here?",2025-02-10T07:53:00Z,4567890123,Conor,Conor,â˜…
24,"You mean P2P trading?",2025-02-10T07:53:00Z,4567890123,Conor,Conor,â˜…
25,"Good morning",2025-02-10T08:08:00Z,1012345678,ZuhraAbdulayev,Zuhra,Abdulayev
26,"Hello, how to convert fiat IDR to USDT?",2025-02-10T08:08:00Z,1112345678,Rapel,Rapel,
27,"TONxDAO
Bot Telegram scam

What are you talking about? Listing is today:
https://t.me/Bybit_Announcements/5886

Telegram
Bybit Announcements
ğŸƒâ€â™‚ï¸ Coming Soon to Bybit Spot: $B3 With @b3dotfun!

ğŸš€ Grab a share of the 140,000,000 $B3 prize pool!

ğŸ“‹ Listing Timeline:
- Deposits: Feb 10, 2025,11AM UTC
- Listing: Feb 10, 2025,1PM UTC",2025-02-10T08:12:00Z,4567890123,Conor,Conor,â˜…
28,"Rapel
Hello, how to convert fiat IDR to USDT?",2025-02-10T08:13:00Z,4567890123,Conor,Conor,â˜…
29,"P2P https://www.bybitglobal.com/en/fiat/trade/otc/buy/USDT/USD",2025-02-10T08:13:00Z,4567890123,Conor,Conor,â˜…
30,"Bybit Bot
ğŸ® Sonic AMA ğŸ“‹ Feb 11, 2025 | â° 10AM UTC ğŸ 500...",2025-02-10T08:19:00Z,1234567890,Airplaanes,Airplaanes,â˜…
31,"Reminder reminder!",2025-02-10T08:19:00Z,1234567890,Airplaanes,Airplaanes,â˜…
32,"Hello",2025-02-10T08:29:00Z,1312345678,ZaraMohammed,Zara,Mohammed
33,"Hi",2025-02-10T08:31:00Z,1412345678,AmjadKhan,Amjad,Khan
34,"Amjad Khan
Hi",2025-02-10T08:33:00Z,1512345678,RosieGoatley,Rosie,Goatley
35,"Hello",2025-02-10T08:33:00Z,1512345678,RosieGoatley,Rosie,Goatley
36,"Hallo",2025-02-10T08:42:00Z,1012345678,ZuhraAbdulayev,Zuhra,Abdulayev
37,"notice@BybitPosts_Bot",2025-02-10T08:43:00Z,1234567890,Airplaanes,Airplaanes,â˜…
38,"Rosie Goatley
Hello",2025-02-10T08:46:00Z,1612345678,JeremyFister,Jeremy,Fister
39,"How are you?",2025-02-10T08:46:00Z,1612345678,JeremyFister,Jeremy,Fister
40,"Hello",2025-02-10T08:48:00Z,1712345678,MuazzamAkhmedov,Muazzam,Akhmedov
41,"JEREMY FISTER
How are you?",2025-02-10T08:49:00Z,1512345678,RosieGoatley,Rosie,Goatley
42,"Good. How is your trading going?",2025-02-10T08:49:00Z,1512345678,RosieGoatley,Rosie,Goatley
43,"ğŸ“ˆ Bybit Pre-market Trading: Trade tokens before their official launchğŸ“ˆ

ğŸ“Š Want to get ahead of the competition and acquire trending tokens at pre-market favorable prices? Explore Bybit's Pre-market Trading

Check links below and get startedâš¡",2025-02-10T08:50:00Z,1512345678,RosieGoatley,Rosie,Goatley
44,"Forwarded from: â†—ï¸ Bybit Announcements

BYBIT SPOT

Coming Soon on Spot
B3

ğŸƒâ€â™‚ï¸ Coming Soon to Bybit Spot: $B3 With @b3dotfun!

ğŸš€ Grab a share of the 140,000,000 $B3 prize pool!

ğŸ“‹ Listing Timeline:
- Deposits: Feb 10, 2025,11AM UTC
- Listing: Feb 10, 2025,1PM UTC
- Withdrawals: Feb 11, 2025, 10AM UTC

âš¡ Deposits and withdrawals will be available via the BASE Network.

ğŸ“‹ Event Period: Feb 10, 2025, 8AM UTC â€“ Feb 25, 2025, 9AM UTC",2025-02-10T08:51:00Z,1512345678,RosieGoatley,Rosie,Goatley
45,"Bybit Announcements
ğŸƒâ€â™‚ï¸ Coming Soon to Bybit Spot: $B3 With @b3dotfun! ğŸš€...",2025-02-10T08:57:00Z,1234567890,Airplaanes,Airplaanes,â˜…
46,"LFGGGG!",2025-02-10T08:57:00Z,1234567890,Airplaanes,Airplaanes,â˜…
47,"Hello",2025-02-10T09:02:00Z,1812345678,BeyzaAtaturk,Beyza,Ataturk
48,"GM",2025-02-10T09:12:00Z,1234567890,Airplaanes,Airplaanes,â˜…
49,"How is everyone trading today?",2025-02-10T09:12:00Z,1234567890,Airplaanes,Airplaanes,â˜…
50,"What are some tokens you have your eyes on?",2025-02-10T09:12:00Z,1234567890,Airplaanes,Airplaanes,â˜…
51,"Bybit Bot
ğŸ® Sonic AMA ğŸ“‹ Feb 11, 2025 | â° 10AM UTC ğŸ 500...

Reminder we have an AMA with Sonic tomorrow!

ğŸ 500 USDT bonus for 25 Winners! 1ï¸âƒ£ Follow SonicLabs & Bybit_Official
2ï¸âƒ£ â¤ï¸ & RT & Drop your Bybit UID in our blog!",2025-02-10T09:13:00Z,2345678901,BybitBot,Bybit,Bot
52,"Bybit Announcement bot
ğŸƒâ€â™‚ï¸ [New User Exclusive] Guess the Highest ROI for Memecoi...

Get your friends to join our current campaign as well! Until Feb 17! Solid rewards to be won!",2025-02-10T09:13:00Z,1912345678,BybitAnnouncementBot,Bybit Announcement,Bot
53,"Bybit Bot
ğŸ”¥ Time to Learn More About Solv Protocol ğŸ”¥ SolvProtoc...

Another AMA coming up with Solv as well! LFGGG!",2025-02-10T09:13:00Z,2345678901,BybitBot,Bybit,Bot
54,"Euren || Bybit Affiliate Partnership ğŸ“
/links@BybitPosts_Bot",2025-02-10T09:19:00Z,2012345678,Euren,Euren,
55,"Bybit GH Bot
ğŸ”— Link: https://t.me/BybitEnglish",2025-02-10T09:19:00Z,2112345678,BybitGHBot,Bybit GH,Bot
56,"Bybit Bot
Euren || Bybit Affiliate Partnership ğŸ“
/links@BybitPosts_Bot

Bybit Platform and Support

1) Register on Bybit
2) Bybit Help Center

Media Channels

1) Discord
2) Reddit
3) Youtube
4) Twitter
5) Blog",2025-02-10T09:19:00Z,2345678901,BybitBot,Bybit,Bot
57,"Euren || Bybit Affiliate Partnership ğŸ“
Airplaanes (New Account)
Another AMA coming up with Solv as well!! LFGGG!

May I know the email for merchants inq? Or perhaps group chat if there's any?",2025-02-10T09:20:00Z,2012345678,Euren,Euren,
58,"AssalamualaikumğŸ™",2025-02-10T09:20:00Z,2212345678,RadhiyaAmari,Radhiya,Amari
59,"Euren || Bybit Affiliate Partnership ğŸ“
May I know the email for merchants inq? Or perhaps group chat if th...",2025-02-10T09:21:00Z,1234567890,Airplaanes,Airplaanes,â˜…
60,"P2P? I suggest you head to our discord under #P2P-Chat and share your issue",2025-02-10T09:21:00Z,1234567890,Airplaanes,Airplaanes,â˜…
61,"Bybit GH Bot
ğŸ”— Link: https://t.me/BybitEnglish",2025-02-10T09:21:00Z,2112345678,BybitGHBot,Bybit GH,Bot
62,"Hello
ğŸ‘ ğŸ«‚",2025-02-10T09:22:00Z,2312345678,KhanTajuddinalli,Khan,Tajuddinalli
63,"/notice@BybitPosts_Bot",2025-02-10T09:28:00Z,1234567890,Airplaanes,Airplaanes,â˜…
64,"Airplaanes (New Account)
/notice@BybitPosts_Bot

âš ï¸ Important Notice âš ï¸

Bybit Staff:

ğŸš« Will NEVER DM you first

ğŸš« Will NOT ask you to transfer assets or share keys/passwords to resolve issues

ğŸš« Will NOT invite you to invest, join lotteries, or other schemes

Beware of scammers using similar names or links in their profiles to impersonate admins.

If you encounter any suspicious behavior, report it to the Bybit Team, forward messages to @notoscam, and use Telegram's report & block function.

Learn more about avoiding crypto scams here.
To confirm someone claiming to be Bybit staff, verify here.",2025-02-10T09:28:00Z,1234567890,Airplaanes,Airplaanes,â˜…
65,"Sometimes people get complain about crypto, not knowing they just don't understand it , when you do , basically you will ğŸ’• ğŸ’• it",2025-02-10T09:32:00Z,2412345678,ZaraHamzy,Zara,Hamzy
66,"i didnt received this reward ?",2025-02-10T09:32:00Z,2412345678,ZaraHamzy,Zara,Hamzy
67,"Ayyat 2020 âœï¸âœï¸
i didnt received this reward ?

when i received this plume reward",2025-02-10T09:33:00Z,2512345678,Ayyat2020,Ayyat,2020
68,"When listing hot wallet?",2025-02-10T09:34:00Z,2612345678,Leloush,Leloush,â– 
69,"Ayyat 2020 âœï¸âœï¸
when i received this plume reward

It's been distributed already, if you didn't receive it it means you weren't eligible. Refer to the terms and reach /support if you think there's an error",2025-02-10T09:35:00Z,4567890123,Conor,Conor,â˜…
70,"Conor
It's been distributed already, if you didn't receive it it means you w...

Bybit does not provide customer support via Telegram. Admins cannot access your account or view your details.

If you encounter any issues, follow these steps:

âœ… Check your email inbox for our email.
âœ… Contact Live Support via web (bottom-right corner) or mobile (top-right corner).
âœ… Submit a support ticket if needed",2025-02-10T09:35:00Z,2345678901,BybitBot,Bybit,Bot
71,"Leloush â– 
When listing hot wallet?

We'll officially announce any new listings",2025-02-10T09:35:00Z,4567890123,Conor,Conor,â˜…
72,"Conor
It's been distributed already, if you didn't receive it it means you were...

this is my new account and its shwoing my 3000 plume reward also still i dont received after showing reward now u syaing you not eligible for this is totally unfair",2025-02-10T09:37:00Z,2512345678,Ayyat2020,Ayyat,2020
73,"Ayyat 2020 âœï¸âœï¸
this is my new account and its shwoing my 3000 plume reward also st...

As I said, you are welcome to appeal with /support if you think there was a mistake.",2025-02-10T09:38:00Z,4567890123,Conor,Conor,â˜…
74,"Conor
As I said, you are welcome to appeal with /support if you think ther...

Bybit does not provide customer support via Telegram. Admins cannot access your account or view your details.

If you encounter any issues, follow these steps:

âœ… Check your email inbox for our email.
âœ… Contact Live Support via web (bottom-right corner) or mobile (top-right corner).
âœ… Submit a support ticket if needed",2025-02-10T09:38:00Z,2345678901,BybitBot,Bybit,Bot
75,"We are not Support agents here. Beware of scammers.",2025-02-10T09:38:00Z,4567890123,Conor,Conor,â˜…
76,"What's new today?",2025-02-10T09:41:00Z,2712345678,Grace,Grace,â˜…
77,"Hi",2025-02-10T09:42:00Z,8901234567,JessmaSamira,Jessma,Samira
78,"Grace
What's new today?

Stay tuned ğŸ˜",2025-02-10T09:42:00Z,4567890123,Conor,Conor,â˜…
79,"Hi everyone",2025-02-10T09:43:00Z,1512345678,RosieGoatley,Rosie,Goatley
80,"Secured User
Hello
How are you?",2025-02-10T09:48:00Z,2812345678,AnneFreya,Anne,Freya
81,"[Chart Image]",2025-02-10T09:54:00Z,2912345678,VitalikUser,Vitalik,User
82,"VIA
Photo
So back to 102K?",2025-02-10T09:56:00Z,1234567890,Airplaanes,Airplaanes,â˜…
83,"TradeGPT Opening Signal Reminder
Contract Pair: JELLYJELLYUSDT
Entry Price: 0.010412 USDT
Direction: rising
Leverage: 4
ğŸ¤– AI Signal:
Pattern reversal, in the past 6 hours, volume decreasing, current MACD pattern reversed, showing rising.
Enter Contract Trading

Use TradeGPT for more AI analysis

Disclaimer: This signal is based on AI technology backtesting and does not guarantee accuracy. The above trading signal does not represent the view of Bybit, investment involves risks, make decisions cautiously.",2025-02-10T10:01:00Z,3012345678,BybitTradeGPT,Bybit TradeGPT,Bot
84,"Bybit
0.010433 | JELLYJELLYUSDT Live Chart | Bybit Perpetual Trading
Trade BTC/USDT, ETH/USDT, SUSH/USDT and more.

[Bybit Logo Image]",2025-02-10T10:01:00Z,3112345678,Bybit,Bybit,
85,"BYBIT SPOT

Coming Soon on Spot
Diamante
(DIAM)

ğŸƒâ€â™‚ï¸ Coming Soon to Bybit Spot: **Diamante** ($DIAM)

ğŸ“‹ Timeline:
- Deposits: Feb 11, 2025, 10AM UTC
- Listing: Feb 12, 2025, 8AM UTC
- Withdrawals: Feb 13, 2025, 10AM UTC

âš¡ Deposits and withdrawals will be available via the BSC Network.

ğŸš€ Check out the 35m $DIAM Listing Event",2025-02-10T10:01:00Z,2345678901,BybitBot,Bybit,Bot
86,"@airplaanes",2025-02-10T10:10:00Z,3212345678,Evans,Evans,
87,"Forwarded from: â†—ï¸ Bybit Announcements

BYBIT SPOT

Coming Soon on Spot
Diamante
(DIAM)

ğŸƒâ€â™‚ï¸ Coming Soon to Bybit Spot: Diamante ($DIAM)

ğŸ“‹ Timeline:
- Deposits: Feb 11, 2025, 10AM UTC
- Listing: Feb 12, 2025, 8AM UTC
- Withdrawals: Feb 13, 2025, 10AM UTC

âš¡ Deposits and withdrawals will be available via the BSC Network.

ğŸš€ Check out the 35m $DIAM Listing Event",2025-02-10T10:24:00Z,3312345678,BybitAnnouncements,Bybit Announcements,Bot
88,"Coming Soon to Bybit Spot: Diamante ($DIAM) ğŸ“‹ Tim...",2025-02-10T10:25:00Z,3312345678,BybitAnnouncements,Bybit Announcements,Bot
89,"Juicy event ğŸ‘€",2025-02-10T10:25:00Z,4567890123,Conor,Conor,â˜…
90,"Conor
Haha I wish, just been sick ğŸ¤’ all cleared up now though!

Man i can understand. Last Christmas and the new year it was brutal for me. But at least trade-wise I'm doing alright",2025-02-10T10:26:00Z,3412345678,KriyoB,Kriyo,B
91,"Juicy event ğŸ‘€
Let's Goo!!",2025-02-10T10:26:00Z,4567890123,Conor,Conor,â˜…
92,"Juicy event ğŸ‘€
Which alts are you betting on these days? ğŸ¤ª",2025-02-10T10:27:00Z,4567890123,Conor,Conor,â˜…
93,"KriyoB
Which alts are you betting on these days? ğŸ¤ª

My best bet USDT & USDC!",2025-02-10T10:28:00Z,1234567890,Airplaanes,Airplaanes,â˜…
94,"[Pepe Chart Image]",2025-02-10T10:28:00Z,1234567890,Airplaanes,Airplaanes,â˜…
95,"Staking? Or trading USDCUSDT pairğŸ¤ª",2025-02-10T10:30:00Z,3512345678,MUser,M,User
96,"KriyoB
Man i can understand. Last Christmas and the new year it was br...

Glad to hear you're better!",2025-02-10T10:30:00Z,4567890123,Conor,Conor,â˜…
97,"KriyoB
Man i can understand. Last Christmas and the new year it was br...

Glad to hear you're all good~",2025-02-10T10:30:00Z,3612345678,AnotherUser,Another,User
98,"Conor
Glad to hear you're all good~

Back to the trenches trading sidewise BTC ğŸ™ˆ",2025-02-10T10:31:00Z,3412345678,KriyoB,Kriyo,B
99,"KriyoB
Staking? Or trading USDCUSDT pairğŸ¤ª

Holding for the mooon!!",2025-02-10T10:31:00Z,1234567890,Airplaanes,Airplaanes,â˜…
100,"KriyoB
Which alts are you betting on these days? ğŸ¤ª

Ones that go up only inshallah ğŸ¤ª",2025-02-10T10:31:00Z,4567890123,Conor,Conor,â˜…
101,"1 USDT = 1 BTC",2025-02-10T10:31:00Z,1234567890,Airplaanes,Airplaanes,â˜…
102,"[To The Moon Rocket Image]",2025-02-10T10:32:00Z,1234567890,Airplaanes,Airplaanes,â˜…
103,"Airplaanes (New Account)
1 USDT = 1 BTC

When? After trump's tariffs? ğŸ¤ª",2025-02-10T10:32:00Z,3412345678,KriyoB,Kriyo,B
104,"Airplaanes (New Account)
1 USDT = 1 BTC

Dollar collapses along with all other fiat, what is crypto worth in material terms? ğŸ¤ª",2025-02-10T10:33:00Z,4567890123,Conor,Conor,â˜…
105,"Assalamualaikum",2025-02-10T10:34:00Z,3712345678,ZainebDahmani,Zaineb,Dahmani
106,"Zaineb Dahmani
Assalamualaikum

Ualekum assalam!",2025-02-10T10:35:00Z,3812345678,ZzzZebra,Zzz,Zebra
107,"Jordan Crypt
Feb 5th - LIVE STREAM #WMO Wednesday Market Outloo...

Wah i missed this announcement ğŸ¤ª
Congress winners and me",2025-02-10T10:35:00Z,3912345678,MdSabbirHossen,Md Sabbir,Hossen
108,"Conor
Dollar collapses along with all other fiat, what is crypto worth in m...

Everything will be calculated in terms of BTC. The proper 'Money'. ğŸ‘€",2025-02-10T10:35:00Z,3412345678,KriyoB,Kriyo,B
109,"Hello",2025-02-10T10:36:00Z,4012345678,TalibahMarhaba,Talibah,Marhaba
110,"Conor
Dollar collapses along with all other fiat, what is crypto worth in m...

ZEROOO",2025-02-10T10:37:00Z,1234567890,Airplaanes,Airplaanes,â˜…
111,"[Bill Clinton Zero GIF]",2025-02-10T10:37:00Z,1234567890,Airplaanes,Airplaanes,â˜…
112,"/support@BybitPosts_Bot",2025-02-10T10:37:00Z,4112345678,AbuAhmad,Abu,Ahmad
113,"Abu Ahmad
/support@BybitPosts_Bot

Bybit does not provide customer support via Telegram. Admins cannot access your account or view your details.

If you encounter any issues, follow these steps:

âœ… Check your email inbox for our email.
âœ… Contact Live Support via web (bottom-right corner) or mobile (top-right corner).
âœ… Submit a support ticket if needed",2025-02-10T10:37:00Z,2345678901,BybitBot,Bybit,Bot
114,"/s ethbtc",2025-02-10T10:38:00Z,3412345678,KriyoB,Kriyo,B
115,"KriyoB
Everything will be calculated in terms of BTC. The proper 'Money'...

Or CBDCs lol",2025-02-10T10:39:00Z,4567890123,Conor,Conor,â˜…
116,"Conor
Or CBDCs lol

That's the worst thing that could happen out of this tbh. But it seems inevitable",2025-02-10T10:44:00Z,3412345678,KriyoB,Kriyo,B
117,"Hey, guys! We made the best DEX charts. Who can I talk to about teaming up? ğŸš€",2025-02-10T10:47:00Z,4212345678,AshleyWhatToFarm,Ashley | WhatToFarm,O
118,"ğŸš€ Bybit Reddit Growth Spree: Unlock 1,500 USDT as We Hit Milestones!

ğŸ‰ Help us grow, earn BIG rewards!
For every 2,500 new subscribers on our Subreddit, we unlock a 150 USDT prize pool!
ğŸ’° More subs = more rewards â€” let's crush 10 milestones and share 1,500 $USDT together!",2025-02-10T10:50:00Z,2345678901,BybitBot,Bybit,Bot
119,"/contact@BybitPosts_Bot",2025-02-10T10:53:00Z,1234567890,Airplaanes,Airplaanes,â˜…
120,"Airplaanes (New Account)
/contact@BybitPosts_Bot

ğŸ‘¥ Get in Touch ğŸ‘¥
â€¢ Affiliates (IB@bybit.com)
â€¢ Customer Support (https://i.bybit.com/409abvG)
â€¢ IT Support (IT@bybit.com)
â€¢ Marketing (partnerships@bybit.com)",2025-02-10T10:53:00Z,2345678901,BybitBot,Bybit,Bot
121,"Is bybit back in india?",2025-02-10T10:53:00Z,4312345678,MAdam,M.,Adam
122,"KriyoB
That's the worst thing that could happen out of this tbh. But it seem...

I reckon it is inevitable but will be a positive overall in the long-run.. who knows",2025-02-10T10:53:00Z,4567890123,Conor,Conor,â˜…
123,"M. Adam
Is bybit back in india?

Got to wait for more updates from us!",2025-02-10T10:53:00Z,1234567890,Airplaanes,Airplaanes,â˜…
124,"M. Adam
Is bybit back in india?

https://t.me/Bybit_Announcements/5881",2025-02-10T10:53:00Z,4567890123,Conor,Conor,â˜…
125,"Where are my $TAO supporters?",2025-02-10T11:05:00Z,1234567890,Airplaanes,Airplaanes,â˜…
126,"LFGGG to the moon!",2025-02-10T11:05:00Z,1234567890,Airplaanes,Airplaanes,â˜…
127,"Rohan
Hello

How are you?",2025-02-10T11:12:00Z,4412345678,RahaBail,Raha,Bail
128,"Conor
I reckon it is inevitable but will be a positive overall in the long-run...

If it was public and anyone can see the transactions of pretty much everyone ( including the ruling party) it'll reduce the bad actors. But that comes with a cost of financial privacy. But the CBDC we're moving towards is not towards that goal. I guess in the long run it'll be a way to reduce cash from the system.",2025-02-10T11:14:00Z,3412345678,KriyoB,Kriyo,B
129,"I want to ask my question I deleted my bybit and I have token in web 3 wallet and I log in that id there is no token on my web 3 wallet @everyone @BybitAnnouncement_bot",2025-02-10T11:16:00Z,4512345678,Thaxaina,Thaxaina,ğŸ—ï¸ğŸ“±ğŸ•â˜˜ï¸ğŸˆğŸ±ğŸŒ™ğŸŒ±SEEDğŸŒ±ğŸ”¥Yescoiner Dogss
130,"KriyoB
If it was public and anyone can see the transactions of pretty much ev...

A way to reduce cash definitely, and simultaneously people will become more comfortable with digital assets in general. Silver lining to every cloud etc ğŸ˜…",2025-02-10T11:16:00Z,4567890123,Conor,Conor,â˜…
131,"Thaxaina ğŸ—ï¸ğŸ“±ğŸ•â˜˜ï¸ğŸˆğŸ±ğŸŒ™ğŸŒ±SEEDğŸŒ±ğŸ”¥Yescoiner Dogss
I want to ask my question I deleted my bybit and I have token in w...

To deactivate your Bybit account, you would need to write to Support asking them to do so. You did that by accident?",2025-02-10T11:17:00Z,4567890123,Conor,Conor,â˜…
132,"Thaxaina ğŸ—ï¸ğŸ“±ğŸ•â˜˜ï¸ğŸˆğŸ±ğŸŒ™ğŸŒ±SEEDğŸŒ±ğŸ”¥Yescoiner Dogss
I want to ask my question I deleted my bybit and I have token in web...

Can someone explain me there is no dollar shown on my web 3 wallet????",2025-02-10T11:17:00Z,4512345678,Thaxaina,Thaxaina,ğŸ—ï¸ğŸ“±ğŸ•â˜˜ï¸ğŸˆğŸ±ğŸŒ™ğŸŒ±SEEDğŸŒ±ğŸ”¥Yescoiner Dogss
133,"Conor
To deactivate your Bybit account, you would need to write to Support...

I just deleted and downloaded but there isn't shown anything what to do??",2025-02-10T11:18:00Z,4512345678,Thaxaina,Thaxaina,ğŸ—ï¸ğŸ“±ğŸ•â˜˜ï¸ğŸˆğŸ±ğŸŒ™ğŸŒ±SEEDğŸŒ±ğŸ”¥Yescoiner Dogss
134,"@everyone???",2025-02-10T11:18:00Z,4512345678,Thaxaina,Thaxaina,ï¿½ï¿½ï¸ğŸ“±ğŸ•â˜˜ï¸ğŸˆğŸ±ğŸŒ™ğŸŒ±SEEDğŸ”¥Yescoiner Dogss
135,"Take care of yourself and don't get too tired",2025-02-10T11:24:00Z,4612345678,Poki,Poki,
136,"Bybit Announcements
Coming Soon to Bybit Spot: Diamante ($DIAM) ğŸ“‹ Tim...

Why the deposit is only on BSc chain instead of diam chain as well ğŸ˜…",2025-02-10T11:25:00Z,4712345678,JasmineHook,Jasmine,Hook
137,"Hi",2025-02-10T11:26:00Z,4812345678,k9Liya,k9,Liya
138,"Jasmine Hook ğŸŒŸ Î£
Why the deposit is only on BSc chain instead of diam chain as well ğŸ˜…

I'm not on the Spot team so I don't make these decisions, for now BSC only. I'll pass on your feedback",2025-02-10T11:26:00Z,4567890123,Conor,Conor,â˜…
139,"Thaxaina ğŸ—ï¸ğŸ“±ğŸ•â˜˜ï¸ğŸˆğŸ±ğŸŒ™ğŸŒ±SEEDğŸŒ±ğŸ”¥Yescoiner Dogss
I just deleted and downloaded but there isn't shown anything what t...

You mean you deleted the app and downloaded it again? That's not the same as deleting your account. Have you checked for your funds using a blockchain explorer? Or tried interacting with them via dApps?",2025-02-10T11:28:00Z,4567890123,Conor,Conor,â˜…
140,"Bybit Bot
ğŸ® Sonic AMA ğŸ“‹ Feb 11, 2025 | â° 10AM UTC ğŸ 500...

Reminder to register on our blog before doing the below:

- â¤ï¸ & RT & Drop your Bybit UID in our blog!",2025-02-10T11:32:00Z,1234567890,Airplaanes,Airplaanes,â˜…
141,"How do we claim the mint?",2025-02-10T11:34:00Z,4912345678,KabiruMeshchain,Kabiru Meshchain.AI ğŸ¤– UXUY ğŸ˜ƒ Olayinka,ğŸŒ±SEED
142,"[Chart Image]",2025-02-10T11:44:00Z,5012345678,ChartUser,Chart,User
143,"Airplaanes (New Account)
Reminder to register on our blog before doing the below: - â¤ï¸ &...

Cannot drop uid it says
This event has not started yet. Please stay tuned for updates.",2025-02-10T11:45:00Z,3912345678,MdSabbirHossen,Md Sabbir,Hossen
144,"Hello, anyone has any info when will the distribution of gps tokens be avaliable from token splash?",2025-02-10T11:48:00Z,5112345678,4A,4,A
145,"4A
Hello, anyone has any info when will the distribution of gps token...

Answered over here: https://t.me/BybitEnglish/25001093421161",2025-02-10T11:50:00Z,4567890123,Conor,Conor,â˜…
146,"ğŸ‘ 4",2025-02-10T11:50:00Z,5212345678,LikeUser,Like,User
147,"Kabiru Meshchain.AI ğŸ¤– UXUY ğŸ˜ƒ Olayinka ğŸŒ±SEED
How do we claim the mint?

Which mint?",2025-02-10T11:50:00Z,4567890123,Conor,Conor,â˜…
